{
    "collectiveName": "dwarves",
    "individualName": "dwarf",
    "adjective": "dwarven",
    "placeNames": [
        "bruk",
        "buk",
        "du",
        "dun",
        "fyr",
        "gen",
        "nin",
        "nir",
        "nun",
        "ska",
        "sva",
        "svøn",
        "tøn",
        "tyr",
        "øg"
    ],
    "maleFirstNames": [
        "bruk",
        "dun",
        "fyr",
        "svøn",
        "øg"
    ],
    "femaleFirstNames": [
        "dun",
        "gen",
        "nun",
        "sva"
    ],
    "lastNames": [
        "buk",
        "du",
        "dun",
        "nin",
        "tyr"
    ],
    "placeNameLength": {
        "x": 1,
        "y": 3
    },
    "firstNameLength": {
        "x": 1,
        "y": 3
    },
    "lastNameLength": {
        "x": 2,
        "y": 4
    },
    "expansionism": 0.5,
    "hostility": 0.5,
    "likesWater": false,
    "heightRange": {
        "x": 0.6000000238418579,
        "y": 1.0
    },
    "tempRange": {
        "x": 0.0,
        "y": 0.800000011920929
    },
    "humidityRange": {
        "x": 0.0,
        "y": 1.0
    },
    "heightPreferred": 0.800000011920929,
    "tempPreferred": 0.4000000059604645,
    "humidityPreferred": 0.5,
    "heightWeight": 0.699999988079071,
    "tempWeight": 0.30000001192092898,
    "humidityWeight": 0.0
}