{
    "name": "Mountain",
    "colorGradient": {
        "serializedVersion": "2",
        "key0": {
            "r": 0.3921568691730499,
            "g": 0.3294117748737335,
            "b": 0.3294117748737335,
            "a": 1.0
        },
        "key1": {
            "r": 0.7568627595901489,
            "g": 0.6941176652908325,
            "b": 0.6941176652908325,
            "a": 1.0
        },
        "key2": {
            "r": 0.0,
            "g": 0.0,
            "b": 0.0,
            "a": 0.0
        },
        "key3": {
            "r": 0.0,
            "g": 0.0,
            "b": 0.0,
            "a": 0.0
        },
        "key4": {
            "r": 0.0,
            "g": 0.0,
            "b": 0.0,
            "a": 0.0
        },
        "key5": {
            "r": 0.0,
            "g": 0.0,
            "b": 0.0,
            "a": 0.0
        },
        "key6": {
            "r": 0.0,
            "g": 0.0,
            "b": 0.0,
            "a": 0.0
        },
        "key7": {
            "r": 0.0,
            "g": 0.0,
            "b": 0.0,
            "a": 0.0
        },
        "ctime0": 0,
        "ctime1": 65535,
        "ctime2": 0,
        "ctime3": 0,
        "ctime4": 0,
        "ctime5": 0,
        "ctime6": 0,
        "ctime7": 0,
        "atime0": 0,
        "atime1": 65535,
        "atime2": 0,
        "atime3": 0,
        "atime4": 0,
        "atime5": 0,
        "atime6": 0,
        "atime7": 0,
        "m_Mode": 0,
        "m_NumColorKeys": 2,
        "m_NumAlphaKeys": 2
    },
    "height": {
        "x": 0.6600000262260437,
        "y": 1.0
    },
    "temp": {
        "x": 0.0,
        "y": 1.0
    },
    "humidity": {
        "x": 0.0,
        "y": 1.0
    },
    "isWater": false
}