{
    "name": "Sea",
    "colorGradient": {
        "serializedVersion": "2",
        "key0": {
            "r": 0.19607843458652497,
            "g": 0.19607843458652497,
            "b": 0.33725491166114809,
            "a": 1.0
        },
        "key1": {
            "r": 0.21960784494876862,
            "g": 0.27450981736183169,
            "b": 0.545098066329956,
            "a": 1.0
        },
        "key2": {
            "r": 0.0,
            "g": 0.0,
            "b": 0.0,
            "a": 0.0
        },
        "key3": {
            "r": 0.0,
            "g": 0.0,
            "b": 0.0,
            "a": 0.0
        },
        "key4": {
            "r": 0.0,
            "g": 0.0,
            "b": 0.0,
            "a": 0.0
        },
        "key5": {
            "r": 0.0,
            "g": 0.0,
            "b": 0.0,
            "a": 0.0
        },
        "key6": {
            "r": 0.0,
            "g": 0.0,
            "b": 0.0,
            "a": 0.0
        },
        "key7": {
            "r": 0.0,
            "g": 0.0,
            "b": 0.0,
            "a": 0.0
        },
        "ctime0": 0,
        "ctime1": 65535,
        "ctime2": 0,
        "ctime3": 0,
        "ctime4": 0,
        "ctime5": 0,
        "ctime6": 0,
        "ctime7": 0,
        "atime0": 0,
        "atime1": 65535,
        "atime2": 0,
        "atime3": 0,
        "atime4": 0,
        "atime5": 0,
        "atime6": 0,
        "atime7": 0,
        "m_Mode": 0,
        "m_NumColorKeys": 2,
        "m_NumAlphaKeys": 2
    },
    "height": {
        "x": 0.0,
        "y": 0.33000001311302187
    },
    "temp": {
        "x": 0.0,
        "y": 1.0
    },
    "humidity": {
        "x": 0.0,
        "y": 1.0
    },
    "isWater": true
}